" or edit the site directly in the editor ";" ou édite le site dans l'éditeur"
"100% smartphone";"100% smartphone"
"140 characters maximum";"140 caractères maximum"
"160 characters for the first SMS, 153 for the next ones";"160 caractères pour le premier SMS, 153 caractères ensuite"
"A user has post a reply on the site '%s' the %s";"Un utilisateur a répondu sur le site '%s' le '%s'"
"A user of your site submitted the following information";"Un utilisateur de votre site a soumis les informations suivantes"
"Action not recognized...";"Action non reconnue..."
"Add";"Ajouter"
"Add an new component";"Ajouter un nouveau composant"
"All contacts optin";"Activation de tous les contacts"
"All contacts optout";"Désactivation de tous les contacts"
"Already done";"Déjà fait"
"An error has occured";"Une erreur s'est produite"
"An error has occurred";"Une erreur s'est produite"
"An error occurred on the server when deleting contacts. Thank you notify us of this error";"Une erreur sur le serveur est apparue lors de la suppression des contacts. Merci de nous prévenir de cette erreur."
"An error was occured";"Une erreur s'est produite"
"And";"Et"
"Apply";"Appliquer"
"Are you sure to want to create a new list with the selected contact ?";"Etes-vous sûr de vouloir créer une nouvelle liste avec les contacts sélectionnés ?"
"Are you sure to want to delete this?";"Etes vous sure de vouloir supprimer cet élément ?"
"Are you sure to want to export the current contact list ?";"Etes-vous sûr de vouloir exporter la liste de contacts courante ?"
"Are you sure to want to export the selected contact ?";"Etes-vous sûr de vouloir exporter les contacts sélectionnés ?"
"Are you sure to want to export your search results ?";"Etes-vous sûr de vouloir exporter vos résultats de recherche ?"
"Are you sure you want to delete this content ?";"Etes-vous sûr de vouloir supprimer ce contenu ?"
"Attributes";"Attributs"
"Available custom fields...";"Champs personnalisés disponibles..."
"Bar code";"Code barre"
"Broadcast";"Diffuser"
"Button label";"Libellé du bouton"
"CONTACT-FIELDS";"CHAMPS-PERSONNALISÉS"
"CSS content";"Contenu CSS"
"CSV separator";"séparateur CSV"
"Cancel";"Annuler"
"Cannot delete a message without a valide identifier";"Impossible de supprimer un message sans un identifiant valide"
"Cannot delete network with invalid identifier.";"Impossible de supprimer un réseau : identifiant invalide"
"Cannot edit step with invalid campaign";"Impossible d'éditer une étape dans une campagne invalide"
"Cannot edit step with invalid identifier";"Impossible d'éditer une étape à partir d'un identifiant invalide"
"Cannot found this message";"Impossible de trouver ce message"
"Cannot load this tab";"Impossible de charger cet onglet"
"Channel";"Canal"
"Characters number";"Nombre de caractères"
"City";"Ville"
"Clear selection";"Effacer la sélection"
"Clic on the left part to display zone parameter";"Cliquez sur une zone à gauche pour l'éditer"
"Click on the left pane to display parameters";"Cliquez sur une zone à gauche pour l'éditer"
"Close";"Fermer"
"Code/Url";"Code/Url"
"Confirm";"Confirmation"
"Confirm deletion of all contacts search";"Confirmer la suppression de tous les contacts de la recherche"
"Confirm deletion of selected contacts";"Confirmer la suppression des contacts sélectionnés"
"Confirm deletion of the selected contact";"Confirmer la suppression du contact sélectionné"
"Confirm removal of contacts from list";"Confirmer le retrait des contacts sélectionnés de la liste"
"Confirm removal the contact from list";"Confirmer le retrait du contact sélectionné de la liste"
"Confirm remove contacts without list";"Confirmer la suppression des contacts sans liste"
"Confirm the deletion of all the contacts in the database";"Confirmer la suppression de tous les contacts de la base de données"
"Confirm the optin of selected contact";"Confirmer l'activation des contacts sélectionnés"
"Confirm the optin of all the contacts in the list";"Confirmer l'activation de tous les contacts de la liste"
"Confirm the optin of all the contacts search";"Confirmer l'activation de tous les contacts de la recherche"
"Confirm the optin of the selected contact";"Confirmer l'activation du contact sélectionné"
"Confirm the optout of selected contact";"Confirmer la désactivation des contacts sélectionnés"
"Confirm the optout of all the contacts in the list";"Confirmer la désactivation de tous les contacts de la liste"
"Confirm the optout of all the contacts search";"Confirmer la désactivation de tous les contacts de la recherche"
"Confirm the optout of the selected contact";"Confirmer la désactivation du contact sélectionné"
"Confirm the removal of all contacts in the list";"Confirmer le retrait de tous les contacts de la liste"
"Confirm the removal of all contacts search";"Confirmer le retrait de tous les contacts de la recherche"
"Contact export";"Export des contacts"
"Contact optin";"Activation du contact"
"Contact optout";"Désactivation du contact"
"Contacts optin";"Activation des contacts"
"Contacts optout";"Désactivation des contacts"
"Content";"Contenu"
"Contracts";"Contrats"
"Dashboard";"Tableau de bord"
"Default value";"Valeur par défaut"
"Delete";"Supprimer"
"Delete campaign";"Supprimer la campagne"
"Delete content";"Supprimer le contenu"
"Delete contract";"Supprimer le contrat"
"Delete network";"Supprimer le réseau"
"Deleting all contacts";"Suppression de tous les contacts"
"Deleting all contacts search";"Suppression de tous les contacts de la recherche"
"Deletion of contact";"Suppression des contacts"
"Digitaleo";"Digitaleo"
"Digitaleo Blog";"Blog Digitaleo"
"Digitaleo.mail";"contact@digitaleo.com"
"Digitaleo.phone";"02.56.036.700"
"Down";"Bas"
"Download";"Télécharger"
"Duplicate campaign";"Dupliquer la campagne"
"Edit";"Edition"
"Edit a component";"Edition d'un composant"
"Edit campaign";"Editer la campagne"
"Edit contract";"Editer le contrat"
"Edit network";"Editer le réseau"
"Edit step";"Editer l'étape"
"Edition";"Edition"
"Email list";"Emails"
"Email:";"Email:"
"End date";"Date de fin"
"Error";"Erreur"
"Error : invalid file extension";"Erreur : extension de fichier non valide"
"Excel file";"fichier Excel"
"Existing component";"Composant existant"
"FAQ";"FAQ"
"Facebook account";"le compte Facebook"
"Facebook list";"Facebook"
"Failure page";"Page d'échec"
"Field code";"Code de champ"
"File not uploaded";"Fichier non téléchargé"
"Form results";"Résultats formulaires"
"Free search (network name)";"Recherche libre (nom de réseau)"
"Full screen";"Plein écran"
"Generate";"Générer"
"Geolocation";"Géolocalisation"
"Géolocalisation";"Géolocalisation"
"Height";"hauteur"
"Hidden Field";"Champ caché"
"Home";"Accueil"
"Home page";"Page d'accueil"
"Id";"Id"
"Image from URL";"Image à partir d'une URL"
"Import failed";"Echec de l'import"
"Info";"Information"
"Informations";"Informations"
"Insert link to mobile site";"Insérer un lien vers le site mobile"
"Label";"Libellé"
"Legal mentions";"Mentions légales"
"Lines number";"Nombre de lignes"
"Link";"Lien"
"Load message from archive";"Charge le message à partir de l'archive"
"Login";"Identifiant"
"Look";"Style"
"Look & feel";"Look & feel"
"Manage list";"Editer la liste"
"Marketeo";"Marketeo"
"Message successfuly deleted";"message correctement supprimé"
"Mobile:";"Portable:"
"Mobisiteo";"Site mobile"
"Mode";"Mode"
"My Campaigns";"Mes campagnes"
"My Contacts";"Mes contacts"
"My budget";"Mon budget"
"My communication";"Mes communications"
"My content";"Mes images"
"Name";"Nom"
"Network";"Réseau"
"Network frontoffice style";"Style du frontoffice"
"Networks";"Réseaux"
"New campaign";"Nouvelle campagne"
"New component";"Nouveau composant"
"New field";"Nouveau champ"
"New list";"Nouvelle liste"
"New user";"Nouvel utilisateur"
"Next";"Suivant"
"No Image";"Pas d'image"
"No contact found";"Pas de contact trouvé"
"No image";"Pas d'image"
"No setup yet for this type of component";"Aucune configuration pour ce type de composant"
"No test message was sent, please check your list";"Aucun message de test n'a été envoyé, merci de vérifier votre liste"
"Not implemented for this type of message";"Pas implémenté pour ce type de message"
"OK";"OK"
"OptIn contacts";"Activer les contacts"
"Optout contacts";"Désactiver les contacts"
"Or";"Ou"
"Page";"Page"
"Page Not Found";"Page non trouvée"
"Page creation";"Création de page"
"Page informations";"Page d'information"
"Page label";"Libélé de la page"
"Page name";"Nom de la page"
"Page title";"Titre de la page"
"Parameters";"Paramètres"
"Password";"Mot de passe"
"Password:";"Mot de passe:"
"Phone Number";"Numéro de téléphone"
"Please select a correct campaign identifiant";"Merci de sélectionner un identifiant de campagne valide"
"Post";"Publication"
"Post code";"Code postal"
"Preview";"Aperçu"
"Previous";"Précédent"
"QR codes";"QR codes"
"Radio Button";"Bouton radio"
"Remove contacts without list";"Suppression des contacts sans liste"
"Removing all contacts from list";"Retrait de tous les contacts de la liste"
"Removing all contacts search";"Retrait de tous les contacts de la recherche"
"Removing contacts from list";"Retrait des contacts de la liste"
"Removing the contact from list";"Retrait du contact de la liste"
"Rename.list";"Renommer la liste"
"Reply to";"Répondre à"
"Report an error";"Signaler une erreur"
"SITE-FIELDS";"SITE-FIELDS"
"SMS";"SMS"
"Save";"Sauvegarder"
"Security error";"Erreur de sécurité"
"Select";"Sélectionner"
"Select Box";"Liste déroulante"
"Select a css file you would like to import";"Sélectionnez un fichier .css à importer"
"Select a page";"Choisissez une page"
"Select a structure file you would like to import";"Sélectionnez un fichier de structures à importer"
"Select all contact";"Sélectionner tous les contacts"
"Select an existing component to edit it or click on the + icon into the zone where you want to add a new one";"Sélectionnez un composant existant pour le modifier ou cliquez sur l'icône + dans la zone où vous souhaitez ajouter un nouveau"
"Select the image file to use";"Sélectionnez le fichier image à utiliser"
"Sender";"Expéditeur"
"Set the code to generate";"code barre à utiliser"
"Set the image url to use";"Précisez l'adresse de l'image à utiliser"
"Settings";"Paramètres"
"Site online";"Site en ligne"
"Sites list";"Sites Mobiles"
"Sms list";"SMS"
"Start date";"Date de démarrage"
"Street";"Rue"
"Structure";"Structure"
"Structures";"Structures"
"Style configuration for a network";"Personnalisation du style pour le réseaux"
"Subject";"Objet"
"Submit";"Valider"
"Succes page";"Page de succès"
"Target link url";"Url cible du lien"
"Tel:";"Tél:"
"Text";"Texte"
"Text Area";"Zone de texte"
"Text Field";"Champ texte"
"Thank you to provide a valid url";"Merci de fournir une adresse valide"
"The message has been sent.";"Le message a été envoyé"
"The site you are trying to view is no longer accessible";"Le site que vous voulez visualiser n'est plus accessible"
"The step is deleted";"L'étape est supprimée"
"The test contact is not valid.";"Le contact de test n'est pas valide"
"This site may not be seen; please retry later";"Ce site n'est pas accessible; veuillez réessayer plus tard"
"To";"De"
"Tweet";"Tweet"
"Twitter account";"le compte Twitter"
"Twitter list";"Twitter"
"Type";"Type"
"Up";"Haut"
"Update";"Mettre à jour"
"Upload a file";"Importer un fichier"
"Upload configuration as INI file";"Télécharger la configuration en fichier INI"
"Upload done";"Téléchargement fait"
"Upload in progress, please be patient...";"Veuillez patienter, chargement en progres..."
"Upload in progress; please be patient...";"Veuillez patienter; chargement en cours..."
"Uploading";"Import"
"Url";"Url"
"Use existing component";"Utiliser un composant existant"
"Username";"Identifiant"
"Username:";"Nom"
"Users";"Utilisateurs"
"Validate mobile site datas";"Valider les données du site mobile"
"Value is required and can't be empty";"La valeur est requise et ne peut pas être vide"
"Values (comma separated)";"Valeurs (séparées par des virgules)"
"Version";"Version"
"View";"Afficher"
"Visible";"Visible"
"Warning";"Attention"
"Width";"Largeur"
"You can reach %1$s on %2$s or by e-mail at: <a href='mailto:%3$s'>%3$s</a>";"Vous pouvez contacter %1$s au %2$s ou par e-mail à l'adresse:<a href='mailto:%3$s'>%3$s</a>"
"You don't have the necessary credentials to access this resource";"Vous n'avez pas l'autorisation d'accéder à cette ressource"
"You don't have the right to access to the page : ";"Vous n'avez pas l'autorisation d'accéder à la page :"
"You must select an attribute before";"Vous devez sélectionner un attribut"
"Your mobile site is available for test:";"Votre site mobile est disponible pour test :"
"Zoom";"Zoom"
"access url";"URL d'acces"
"accounting code";"code comptable"
"actions";"actions"
"actives only";"actifs seulement"
"add";"ajouter"
"add a contact";"ajouter un contact"
"add a new campaign by clicking on";"ajouter une nouvelle campagne en cliquant"
"add a new message by clicking on";"ajouter un nouveau message en cliquant"
"add a new rule";"ajoute une nouvelle règle"
"add a new site by clicking on";"ajouter un nouveau site en cliquant"
"add channel";"ajouter un canal"
"add comment";"ajouter un commentaire"
"add contract";"ajouter un contrat"
"add network";"ajouter un réseau"
"add new facebook";"Nouveau message Facebook"
"add new look";"ajouter un nouveau look"
"add new site";"ajoute un nouveau site"
"add new structure";"ajouter une nouvelle structure"
"add new twitter";"nouveau message Twitter"
"add step";"ajouter une étape"
"add to selection";"ajouter à la sélection"
"add user";"ajouter un utilisateur"
"add your contacts";"ajoutez vos contacts"
"added-page-label";"added-page-label"
"address";"adresse"
"address1";"Adresse 1"
"address2";"Adresse 2"
"advice for affiliates";"conseil pour les affiliés"
"affiliate network";"réseau d'affiliation"
"all contracts";"Tous les contrats"
"all medias";"tous les canaux"
"all my campaigns";"toutes mes campagnes"
"all my contact lists";"toutes mes listes de contacts"
"all my contacts";"tous mes contacts"
"all statuses";"tous les statuts"
"all users";"tous les utilisateurs"
"apply";"Appliquer"
"approximate cost of message";"coût indicatif du message"
"are you sure to want to delete this contract?";"Etes-vous sûr de vouloir supprimer ce contrat ?"
"are you sure to want to delete this element?";"Etes-vous sûr de vouloir supprimer cet élément ?"
"are you sure to want to delete this message";"etes-vous sur de vouloir supprimer le message"
"are you sure to want to delete this user?";"etes-vous sûr de vouloir supprimer cet utilisateur ?"
"are you sure you want to cancel this campaign ?";"etes-vous sûr de vouloir annuler cette campagne ?"
"associate your Facebook account to Marketeo";"associer votre compte Facebook à Marketeo"
"associate your Twitter account to Marketeo";"associer votre compte Twitter à Marketeo"
"back";"retour"
"back to campaign";"retour à la campagne"
"back to campaign list";"retour à la liste de campagnes"
"begin to import your contacts";"commencer l'import des contacts"
"bienvenue; ";"bienvenue; "
"birthDate";"Date de naissance"
"bounce rate";"taux de rebond"
"broadcast";"diffusion"
"budget";"budget"
"calendar.hour";"heure"
"calendar.minute";"minute"
"calendar.time";"horaire"
"campaign";"campagne"
"campaign deleted";"campagne supprimée"
"campaign details";"détail de la campagne"
"campaign not found";"campagne non trouvée"
"campaign was successfully duplicated";"Campagne dupliquée avec succès"
"cancel";"annuler"
"cannot add a message wihtout a valid media type.";"impossible d'ajouter un message sans un media valide."
"cannot add a message wihtout a valid step identifier.";"impossible d'ajouter un message sans un identifiant d'étape valide."
"cannot add message";"impossible d'ajouter un message"
"cannot associate your selection into a list";"impossible d'ajouter votre sélection à une liste"
"cannot confirm campaign";"impossible de confirmer la campagne"
"cannot confirm campaign with invalid identifier";"impossible de confirmer une campagne avec un identifiant invalide"
"cannot confirm campaign, invalid contact list for PUSH channel";"la campagne ne peut pas être confirmée car aucune liste n'est utilise pour les canaux PUSH"
"cannot confirm campaign, invalid contact list";"la campagne ne peut pas être confirmée car aucune liste n'est utilisée"
"cannot confirm campaign, invalid execution date";"la campagne ne peut pas être confirmée car sa date d'exécution est invalide"
"cannot confirm campaign, invalid execution dates of steps";"la campagne ne peut pas être confirmée car les dates d'envoi des canaux ne sont pas valides"
"cannot confirm campaign, invalid number of steps";"la campagne ne peut pas être confirmée car elle doit avoir au moins une étape"
"cannot confirm campaign, status is not editing";"la campagne ne peut pas être confirmée car elle n'est pas en mode édition"
"cannot confirm campaign; invalid contact list for PUSH channel";"la campagne ne peut pas être confirmée car aucune liste n'est utilisée pour les canaux PUSH"
"cannot confirm campaign; invalid execution dates of steps";"la campagne ne peut pas être confirmée car les dates d'envoi des canaux ne sont pas valides"
"cannot confirm campaign, no countact found";"la campagne ne peut pas être confirmée car elle n'a aucun contact"
"cannot confirm campaign; invalid number of steps";"la campagne ne peut pas être confirmée car elle doit avoir au moins une étape"
"cannot confirm campaign; status is not editing";"la campagne ne peut pas être confirmée car elle n'est pas en mode édition"
"cannot create a new contact";"impossible de créer un nouveau contact"
"cannot create a new list";"impossible de créer une nouvelle liste"
"cannot create a new list without a valid selection";"impossible de créer une nouvelle liste sans un identifiant valide"
"cannot create campaign";"impossible de créer une campagne"
"cannot delete campaign";"impossible de supprimer la campagne"
"cannot delete campaign with invalid identifier";"impossible de supprimer une campagne sans un identifiant valide"
"cannot cancel campaign, no campaign found";"Impossible d'annuler la campagne, pas de campagne trouvée"
"cannot cancel campaign with invalid identifier";"impossible d'annuler la campagne, identifiant invalide"
"Cannot cancel campaign with status : %s.";"Impossible d'annuler une campagne dont le statut est : %s"
"cannot delete orphan contact";"impossible de supprimer les contacts orphelins"
"cannot delete your selection";"impossible de supprimer votre sélection"
"cannot display campaign";"impossible d'afficher la campagne"
"cannot display campaign without a valid identifier";"impossible d'afficher la campagne sans un identifiant valide"
"cannot display contact with invalid identifiers";"impossible d'afficher un contact sans un identifiant valide"
"cannot display details";"impossible d'affiche le detail"
"cannot display details with invalid identifiers";"impossible d'afficher le detail à partir d'un identifiant invalide"
"cannot duplicate campaign with invalid identifier";"impossible de dupliquer une campagne à partir d'un identifiant invalide"
"cannot read data in this file";"données illisibles dans ce fichier"
"cannot save campaign";"impossible de sauver la campagne"
"cannot update the list name";"impossible de mettre à jour le nom de la liste"
"channel";"canal"
"characters number";"nombre de caractères"
"choose on which facebook page you wish to post.";"choisissez la page Facebook sur laquelle vous souhaitez poster."
"city";"Ville"
"civility";"Civilité"
"clear";"effacer"
"clicked ratio";"taux de clics"
"clickers";"cliqueurs"
"client code";"code client"
"closed";"interrompue"
"code";"code"
"color #1";"Couleur 1"
"color #2";"Couleur 2"
"comment";"commentaire"
"comments";"commentaires"
"communicate with you contacts via email in order to present your visual an personalised offer";"communiquez par email avec vos contacts pour présenter votre offre de façon visuelle et personnalisée"
"company";"Société"
"company code";"code contrat"
"complete view";"vue complète"
"confirm";"confirmer"
"confirm campaign";"confirmer la campagne"
"confirm delete list";"etes-vous sûr de vouloir supprimer la liste ?"
"confirm delete step";"etes-vous sûr de vouloir supprimer cette étape ?"
"confirm confirm campaign";"etes-vous sûr de vouloir confirmer la campagne ?"
"cannot confirm campaign, at least one invalid step";"la campagne ne peut pas être confirmée car elle a au moins une étape invalide"
"confirmed";"confimée"
"contact";"contact"
"contact coordinates";"coordonnées du contact"
"contact imported";"contact importé";"contacts importés"
"contact info";"information des contact"
"contact list name";"Nom de la liste de diffusion"
"contact name";"nom du contact"
"contact(s)";"contact(s)"
"contact.filter";"filtres"
"contact.media.status-1";"désactivation manuelle"
"contact.media.status-2";"désactivation automatique"
"contact.media.status-3";"information non valide"
"contact.media.status0";"information non saisie"
"contact.media.status1";"information valide"
"contact.warning";"warning"
"contacts";"contacts"
"contacts not found";"aucun contact trouvé"
"contacts on this page are selected";"contacts de cette page sont sélectionnés"
"contacts will be merged with the following criterias :";"les contacts seront dédoublonnés sur les critères d'unicité suivants :"
"content";"Contenu"
"content title";"titre du contenu"
"continue";"continuer"
"contract";"contrat"
"contract code";"code contrat"
"contract deleted";"entreprise supprimée"
"contract details";"informations contrat"
"contract manager";"Contrat gestionnaire"
"contracts deleted";"entreprises supprimées"
"country";"Pays"
"create a campaign";"créer une nouvelle campagne"
"create a list";"créer une liste"
"create a new campaign";"créer une nouvelle campagne"
"create a new contact list";"créer une nouvelle liste"
"create a new contact list and create campaign";"créer une liste et lancer une campagne"
"create bar code";"créer un code barre"
"create list";"création de liste"
"create new list";"créer une nouvelle liste"
"create new list with selection";"créer une nouvelle liste à partir de votre sélection"
"create new page";"créer une nouvelle page"
"create your content";"créez votre contenu"
"creation date";"date de création"
"creator";"createur"
"css file";"fichier css"
"customer code";"code client"
"database.action";"actions"
"date";"date"
"delete";"supprimer"
"delete Facebook / Marketeo association";"supprimer l'association Facebook / Marketeo"
"delete Twitter / Marketeo association";"supprimer l'association Twitter / Marketeo"
"delete all selected lists";"supprimer toutes les listes sélectionnées"
"delete contact";"supprimer le contact"
"delete current selection";"supprimer la sélection courante"
"delete list";"supprimer la liste"
"delete lists";"Suppression de listes"
"delete step";"supprimer l'étape"
"Delete step";"Supprimer l'étape"
"delete this step";"supprimer l'étape"
"delivered";"delivré"
"delivered messages";"messages délivrés"
"description";"description"
"designation";"désignation"
"designation:";"désignation :"
"details for list";"détails de la liste"
"details of the campaign";"détails de la campagne"
"displayed";"Affiché"
"do you want deleted all lists selected?";"Etes-vous sûr de vouloir les listes de contacts sélectionnées ?"
"download example file";"télécharger le fichier d'exemple"
"download the final QR code";"téléchargez le QR code definitif"
"duplicate";"Dupliquer"
"easily communicate via SMS with your customers whenever you want";"echangez facilement et simplement par SMS avec vos clients dès que vous le souhaitez"
"ecoSMS key";"clé ecoSMS"
"edit";"edition"
"edit contact";"modifier le contact"
"edit contract";"edition d'un contrat"
"edit network";"edition d'un réseau"
"edit or test";"editer ou tester"
"edit the SMS";"editer le SMS"
"edit user";" modification d'un utilisateur"
"edit your media channels bellow";"éditez vos canaux médias ci-dessous"
"editing";"en création"
"editor";"Editeur"
"email";"Email"
"en";"en"
"end date";"date de fin"
"entity";"entité"
"error: your list has not been created";"votre liste n'a pas été créée"
"export";"exporter"
"export contact";"exporter les contacts"
"facebook";"facebook"
"facebook pages";"pages Facebook"
"fax";"Fax"
"field01";"Champ 1"
"field02";"Champ 2"
"field03";"Champ 3"
"field04";"Champ 4"
"field05";"Champ 5"
"field06";"Champ 6"
"field07";"Champ 7"
"field08";"Champ 8"
"field09";"Champ 9"
"field10";"Champ 10"
"field11";"Champ 11"
"field12";"Champ 12"
"field13";"Champ 13"
"field14";"Champ 14"
"field15";"Champ 15"
"file";"fichier"
"file name";"Nom du fichier"
"file upload failed; please retry";"L'envoi du fichier a échoué; merci d'essayer à nouveau"
"file's datas will be imported. Check content.";"les données du fichier vont être importées, veuillez vérifiez le contenu."
"filename";"nom du fichier"
"filter";"filtrer"
"Filter";"Filtrer"
"filter by";" filtrer par"
"filter.contains";"contient"
"filter.desc.filterAnd";"et"
"filter.desc.filterOr";"ou"
"filter.display_all";"tous"
"filter.empty";"est vide"
"filter.equals";"egal à"
"filter.not_equals";"différent de"
"filter.notempty";"est défini"
"filter.optout";"est désactivé"
"filter.reset";"Réinitialiser"
"filter.search";"rechercher"
"filters";"filtres"
"firstName";"Prénom"
"firstname";"prénom"
"followers";"followers"
"form response";"réponses aux formulaires"
"forms";"formulaires"
"found contact(s)";"contact(s) trouvé(s)"
"free search (contract name; city; ...)";"recherche libre (nom du contrat; ville; ...)"
"free search(name; firstname; login; email)";"recherche libre(nom; prénom; login; email)"
"from...";"depuis..."
"generate";"générer"
"generate QR code";"générer un QR code"
"geoloc.circlr.rayon";"rayon du cercle"
"geoloc.clear.map";"supprimer la / les sélection(s)"
"geoloc.create.polygon";"créer un polygone"
"geoloc.remove.polygon";"supprimer le polygone"
"geoloc.select.circle";"sélection Circulaire"
"geolocation";"géolocalisation"
"global component";"composant global"
"header line";"ligne d'entête"
"hidden";"caché"
"history of email openings";"historique des ouvertures d'emails"
"history of mobile site visits";"historique des accès au site mobile"
"home page";"Home"
"id";"identifiant"
"image preview";"Previsualisation"
"immediate";"immédiate"
"import the first line of file";"importer la première ligne du fichier"
"importation in progress";"import en cours"
"importation results";"résumé de l'import"
"importing in progress, please be patient...";"import en cours, merci de patienter"
"inactives";"inactifs"
"indicator";"indicateur"
"industry templates";"templates réseau"
"information";"information"
"invalid company, cannot display settings";"societé invalide, les paramètres ne peuvent pas être affichés"
"invalid company; cannot display settings";"societé invalide; les paramètres ne peuvent pas être affichés"
"invalid contact";"contact invalide";"contacts invalides"
"invalid password";"mot de passe incorrect"
"is associated with your Marketeo account";"a éte associé à votre compte Marketeo"
"item";"résultat"
"items";"résultats"
"keywords";"mots-clés"
"ko";"non délivrés"
"label";"libellé"
"large (L)";"grand (L)"
"lastName";"Nom"
"lastname";"nom"
"legal.mentions.text";"L'ensemble de ce site relève de la législation française et internationale sur le droit d'auteur et la propriété intellectuelle.\nTous les droits de reproduction sont réservés, y compris pour les documents téléchargeables et les représentations iconographiques et photographiques.\nLa reproduction de tout ou partie de ce site sur quelque support que ce soit est formellement interdite sauf autorisation écrite émanant de la société Digitaleo.\nToutes les marques présentes sur se site sont enregistrées auprès des organismes spécialisés, pour le compte de Digitaleo."
"likes";"j'aime"
"line found";"ligne trouvée";"lignes trouvées"
"list";"liste"
"list deleted";"liste supprimée"
"list of Facebook messages";"liste de messages Facebook"
"list of Mobile Site messages";"liste de site mobile"
"list of Twitter messages";"liste de messages Twitter"
"list of contacts";"liste de contacts"
"list of contracts";"liste des contrats"
"list of looks";"liste de looks"
"list of networks";"liste de réseaux"
"list of selected contact(s)";"liste de contact(s) selectionné(s)"
"list of structures";"liste de structures"
"list of users";"liste des utilisateurs"
"lists name";"noms de listes"
"lists of contacts";"listes de contacts"
"lists of networks";"listes de réseaux"
"live from Blog";"en direct du Blog"
"locale";"région"
"login unavailable";"Identifiant invalide"
"logout";"Déconnexion"
"look";"style"
"mail.Digitaleo";"contact@digitaleo.com"
"manage";"gérer"
"manually create new list";"créer une liste manuellement"
"measure customer satisfaction immediately following a service and improve your reputation";"mesurez la satisfaction de vos clients immédiatement après le service et améliorez votre réputation"
"media library";"bibliothèque de contenus"
"medium (M)";"moyen (M)"
"merge lists";"fusioner des listes"
"message performance";"performances du message"
"message preview";"prévisualisation du message"
"message status";"statut du message"
"message(s) has been sent";"message(s) de test envoyé(s)"
"messages";"messages"
"messengeo key";"clé Messengeo"
"mobile";"Mobile"
"mobile site";"site mobile"
"mobile website";"site mobile"
"mode";"mode"
"modify or test your channel";"modifiez ou testez votre canal"
"more";"plus"
"more content";"plus de contenu"
"more details";"plus de détails"
"most visited pages";"pages les plus vues"
"multicanal";"multicanal"
"my campaigns";"mes campagnes"
"my contact";"mon contact"
"my contact database";"Ma base de contacts"
"my contacts";"mes contacts"
"my contacts distribution per channel";"répartition de mes contacts par canal"
"my contents";"mes images"
"my dashboard";"mon tableau de bord"
"my lists";"mes listes"
"my network campaigns";"mes campagnes réseaux"
"my performance ratio";"mes ratios performance"
"my previous campaigns";"mes dernières campagnes"
"my previous contact lists";"mes dernières listes de contacts"
"my resources";"mes ressources"
"my templates";"mes templates"
"name";"nom"
"name list (optional)";"Nom de la liste (optionnel)"
"name your campaign";"nommez votre campagne"
"need help?";"besoin d'aide ?"
"network";"réseau"
"network deleted";"réseau supprimé"
"network details";"informations réseau"
"network not deleted";"le réseau n'a pas été supprimé"
"new campaign";"nouvelle campagne"
"new contract";"création d'un contrat"
"new label";"nouveau libellé"
"new list";"nouvelle liste"
"new list name";"nom de la nouvelle liste"
"new network";"création d'un réseau"
"new page";"nouvelle page"
"new user";"Création d'un utilisateur"
"new-home-page-label";"new-home-page-label"
"news";"informations"
"next dispatch date";"date prochain envoi"
"no";"non"
"no available information";"pas d'information disponible"
"no campaign";"Aucune campagne"
"no component yet";"pas encore de composant"
"no contact";"aucun contact"
"no contacts list";"pas de liste de contact"
"no data";"pas de données affichables"
"no facebook yet";"aucun message Facebook"
"no image";"pas d'image"
"no page yet";"Pas encore de page"
"no site yet";"pas encore de site"
"no twitter yet";"aucun message Twitter"
"not available functionality for this list";"cette fonctionnalité n'est pas disponible pour cette liste"
"notify on submission";"notifier lors d'une réponse"
"now";"maintenant"
"number";"nombre"
"number of affiliates";"nombre d'affiliés"
"number of channels";"nombre de canaux"
"number of contacts";"nombre de contacts"
"number of different recipients";"nombre de destinataires distincts"
"number of selected contacts";"nombre de contacts sélectionnés"
"number of sent messages";"nombre de messages envoyés"
"offline date";"date de mise hors ligne"
"ok";"délivrés"
"on";"envoyés"
"on the page";"sur la page"
"online date";"date de mise en ligne"
"opened ratio";"taux de d'ouverture"
"openers";"ouvreurs"
"opening ratio";"taux d'ouverture"
"openings";"ouvertures"
"optin contact";"activer le contact"
"options";"options"
"optout";"désabonnements"
"optout contact";"désactiver le contact"
"or edit the site directly in the editor";"ou édit le site dans l'éditeur"
"origin of visits";"provenance des visites"
"orphan deletion done";"suppression des orphelins effectuée"
"other";"autres"
"owner";"titulaire"
"page";"page"
"pages per visit";"pages vues par visite"
"parameter";"paramètre"
"parameters";"paramètres"
"partial view";"vue partielle"
"password";"mot de passe"
"password:";"mot de passe:"
"percentage";"pourcentage"
"performance ratio";"taux de délivrabilité"
"permanent errors (hard bounces)";"erreurs permanentes (hard bounces)"
"phone";"Téléphone Fixe"
"phone.Digitaleo";"02.56.036.700"
"please enter at least two chars";"veuillez saisir 2 caractères minimum"
"please type one email adress per line";"merci de saisir une adresse email par ligne"
"please type one mobile phone number per line";"merci de saisir un numéro de mobile par ligne"
"post code";"code postal"
"postCode";"code postal"
"postal adress";"adresse postale"
"present your offers and your point of sale visually with with a website optimized for mobile";"présentez visuellement vos offres et votre point de vente grâce à un site Internet optimisé pour les mobiles"
"preview";"aperçu"
"processing messages";"messages programmés"
"profile";"profil"
"reactivity";"reactivité"
"reference";"Référence"
"regenerate password";"régénérer le mot de passe"
"remove comment";"retirer le commentaire"
"remove current image";"supprimer l'image courante"
"remove this rule";"supprimer cette règle"
"remove uploaded image";"Supprime l'image téléchargée"
"rename.list";"renommer la liste"
"report@digitaleo.com";"report@digitaleo.com"
"reset";"effacer"
"Reset";"Effacer"
"reset custom style";"Supprime toute la personnalisation"
"responses contact form";"formulaire de réponse d'un contact"
"responses to contact form";"réponses au formulaire de contact"
"responses to mobile site contact form";"réponses au formulaire de contact du site mobile"
"return";"retourner"
"retweets";"nombre de retweets"
"revoke contact";"retirer le contact de la liste"
"role";"role"
"running";"en cours"
"running messages";"messages envoyés"
"sample text";"texte d'exemple"
"save";"sauvegarder"
"save step";"sauvegarder l'étape"
"save this contact list test";"sauvegarder cette liste de contacts de test"
"save this step";"sauvegarde de l'étape"
"scheduled";"programmée"
"scheduled time";"date d'exécution"
"scheduling is required";"planification requise"
"search";"recherche"
"search a contact:";"rechercher un contact :"
"search campaign";"rechercher une campagne"
"select a channel and configure the campaign";"choisir un canal et configurer la campagne"
"select a file to import";"sélectionnez un fichier à importer"
"select a zip/csv/excel file (Max file size is %sMB)";"sélectionner un fichier au format zip; csv; excel (La taille du fichier ne peut dépasser %sMo)"
"selection deleted";"sélection supprimée"
"selection settings";"paramètres de la sélection"
"sendign performance";"performances d'envoi"
"sending date";"date d'envoi"
"sending performance";"performances d'envoi"
"sending the file, please wait...";"envoi du fichier, merci de patienter..."
"sending type";"type d'envoi"
"sending types";"type d'envoi"
"sent date";"date d'envoi"
"site";"site mobile"
"size";"taille"
"small (S)";"petit (S)"
"sms";"SMS"
"state";"Etat"
"statistics";"statistiques"
"statistics for Email";"statistiques Email"
"statistics for Facebook";"statistiques Facebook"
"statistics for Mobile Site";"statistiques Site Mobile"
"statistics for SMS";"statistiques SMS"
"statistics for Twitter";"statistiques Twitter"
"status";"statut"
"step";"etape"
"step cost";"coût de l'étape"
"step details for campaign";"details d'étape pour la campagne"
"step execution date";"date d'envoi de l'étape"
"steps";"etapes"
"stopped";"terminée"
"stopped_while_running";"arrêtée en cours d'exécution"
"structure";"Structure"
"submit";"Valider"
"submit and next";"valider et suivant"
"substitution";"substitution"
"summary";"récapitulatif"
"surname is a required data.";"le nom des contacts est obligatoire."
"take off selection";"retirer de la sélection"
"temporary errors (soft bounces)";"erreurs temporaires (soft bounces)"
"test the QR code for the mobile site being edited";"tester le QR code du site en cours de construction"
"test your message";"tester votre message"
"text";"texte"
"the QR code below is for testing your mible site only. It is available for 15 minutes.You can get the final QR code by clicking the Download button. This final QR code will be functional as soon as the execution date of for this step will be reached.";"le QR code affiché ci-dessous sert uniquement à tester votre site et n'est valable que 15 minutes. Vous pouvez obtenir le QR code définitif en cliquant sur Télécharger. Ce QR code définitif sera fonctionnel dès que la date d'envoi de cette étape sera atteinte."
"the QR code below is for testing your mible site only. It is available for 15 minutes.You can get the final QR code by clicking the \Download\ button. This final QR code will be functional as soon as the execution date of for this step will be reached.";"le QR code affiché ci-dessous sert uniquement à tester votre site et n'est valable que 15 minutes. Vous pouvez obtenir le QR code définitif en cliquant sur \Télécharger\. Ce QR code définitif sera fonctionnel dès que la date d'exécution de cette étape sera atteinte."
"the columns format for this file should be :";"le format des colonnes du fichier doit être le suivant :"
"the contact on this page is selected";"contact de cette page est sélectionné"
"the database";"la base de données"
"images bank";"banque d'images"
"the list";"la liste"
"the login/password entered was wrong, please try again";"La combinaison identifiant/mot de passe est incorrecte, merci d'essayer à nouveau."
"the search";"la recherche"
"the user is updated";"l'utilisateur a été mis à jour"
"the user was successfully updated";"les données de l'utilisateur ont été mises à jour"
"timezone";"timezone"
"twitter";"twitter"
"type";"type"
"unable to count contacts";"impossible de compter les contacts"
"unavailable functionality";"fonctionnalité non disponible"
"undelivered messages";"messages non délivrés"
"undelivred";"undelivré"
"unsubscribers";"désabonnés"
"update date";"date de mise à jour"
"upload";"importer"
"upload a file";"importer un fichier"
"upload an image";"importer une image"
"url destination of the code";"URL de destination du code"
"user";"utilisateur"
"user deleted";"utilisateur supprimé"
"user login";"login"
"username:";"identifiant"
"users deleted";"utilisateurs supprimés"
"validating the file, please wait...";"validation du fichier, veuillez patientez..."
"value";"valeur"
"version";"version"
"very large (XL)";"très grand (XL)"
"very small (XS)";"très petit (XS)"
"visible";"visible"
"visit duration";"durée des visites"
"visit statistics";"statistiques de fréquentation"
"visited pages";"pages vues"
"visits";"visites"
"vocal";"vocal"
"wait";"programmés"
"warning";"attention"
"yes";"oui"
"your library";"votre bibliothèque"
"your list has been created";"votre liste a été créée"
"error: your list has not been created";"votre liste n'a pas été créée"
"contact.warning";"warning"
"Text Area";"Zone de texte"
"Zoom";"Zoom"
"bienvenue; ";"bienvenue; "
"execution date";"date d'exécution"
"execution date from";"date d'exécution à partir du"
"execution date until";"date d'exécution jusqu'au"
"campaign id";"id de campagne"
"step id";"id d'étape"
"all users";""Tous les utilisateurs"
"all contracts";"tous les contrats"
"step execution date";"date d'exécution de l'étape"
"start date";"date de début"
"user";"utilisateur"
"Campaigns";"Campagnes"
"List campaigns";"Liste des campagnes"
"List messages";"Liste des messages"
"zip code";"code postal"
"zipcode";"Code postal"
"please select a contact file to import";"merci de sélectionner un fichier de contacts à importer"
"no file selected";"aucun fichier sélectionné"
"opt out";"désactivé";"désactivés"
"opt in";"résactivé";"résactivés"
"Thank you for selecting at least one contact or contact list";"Merci de sélectionner au moins un contact ou une liste de contacts"
"Thank you indicate your choice : optin or optout";"Merci de préciser votre choix : activer ou désactiver"
"detail of message distribution of type";"détail de la diffusion du message par statut"
"status for message";"les statuts du message"
"all status";"tous les statuts"
"link name";"nom du lien"
"reactivity ratio";"taux de réactivité"
"reactivity ratio = Number of clickers / Number of openers";"taux de réactivité = Nombre de cliqueurs / Nombre d'ouvreurs"
"percentages are computed based on the number of sent messages";"les pourcentages sont calculés par rapport au nombre de messages délivrés"
"click details";"détails des clics"
"dates";"dates"
"available soon";"bientôt disponible"
"Cannot open archive file";"Impossible d'ouvrir l'archive"
"Cannot extract archive file, it must be valid";"Impossible d'extraire le contenu de l'archive, le fichier doit etre valide"
"Cannot use a Zip archive which contain more than one html file";"Impossible de traiter une archive contenant plus d'un fichier HTML"
"Cannot load content of temporary file":"Impossible d'acceder au repertoire temporaire"
"Error uploading image into baseo library";"Impossible de charger les images dans Baseo"
"No uploaded file to process";"Pas de fichier à traiter"
"To be removed of our broadcast list, you can";"Pour &ecirc;tre retir&eacute; de notre liste de diffusion, vous pouvez vous"
"Click here to unsubscribe";"Cliquez ici pour vous d&eacute;sinscrire"
"unsubscribe";"d&eacute;sinscrire"
"import a file";"importer un fichier"
"Select a HTML or a Zip file to import";"Sélectionnez un fichier HTML ou Zip à importer"
"sending details";"détails d'envoi"
"new user for contract";"nouvel utilisateur pour le contrat"
"contract manager for network";"Contrat gestionnaire du réseau"
"cannot optin your selection";"impossible d'activer votre sélection"
"cannot optout your selection";"impossible de désactiver votre sélection"
"your selection is now optin";"votre sélection a été activée"
"your selection is now optout";"votre sélection a été désactivée"
"estimate";"estimation"
"list of restrictions type";"liste des types de bridage"
"type";"type"
"description";"description"
"from";"expéditeur"
"to";"destinataire"
"threshold limit";"seuil du mail d'alerte"
"threshold mail";"mail limit"
"threshold mail subject";"sujet du mail limit"
"threshold mail text";"text du mail limit"
"threshold mail Html";"html du mail limit"
"empty mail";"mail épuisé"
"empty mail subject";"sujet du mail épuisé"
"empty mail text";"text du mail épuisé"
"empty mail Html";"html du mail épuisé"
"new restriction type";"Ajout d'un nouveau type de bridage"
"edit restriction type";"edition d'un type de bridage"
"restriction type";"type de bridage"
"add restriction type";"Ajouter un type de bridage"
"created date";"Date de création"
"update date";"Date de mise à jour"
"email alerte";"Les alertes email"
"site";"Site mobile"
"twitter";"Twitter"
"facebook";"Facebook"
"Campaign stats";"Statistiques de la campagne"
"libraries";"bibliothèques"
"library.personal";"personnelle"
"Fast creation";"Création rapide"
"Product";"Produit(s)"
"User";"Utilisateur"
"Validation";"Validation"
"Sector";"Secteur"
"Company";"Entreprise"
"First name";"Prénom"
"Mobile phone";"Mobile"
"Sending identifier";"Envoi identifiants"
"Direct access to the product";"Accès direct au produit"
"Country";"Pays"
"The customer will not receive these identifiers because no means of contact was specified";"le client ne recevra pas ses identifiants car aucun moyen de contact n'est spécifié"
"account has been created";"Le compte a été crée"
"account was not created";"Le compte n'a pas été crée"
"offline";"hors ligne"
"contact added";"contact ajouté"
"contact updated";"contact mis à jour"
"build_in_progress";"préparation en cours"
"build_done";"préparation terminée"
"campaign cancelled";"campagne annulée"
"wait.export";"programmé"
"on.export";"envoyé"
"ok.export";"délivré"
"ko.export";"non délivré"
"opened.export";"ouvreur"
"clicked.export";"cliqueur"
"optout.export";"désabonné"
"hb.export";"erreur permanente (hard bounce)"
"sb.export";"erreur temporaire (soft bounce)"
"Contract has been saved with success";"Le contrat a été sauvegardé avec succès"
"Error : Parameter reset format is invalid";"Erreur : Le format crontab de réinitialisation est invalide"
"Error : Some fields must not be empty";"Erreur : merci de compléter tous les champs"
"Error : please select a media";"Erreur : merci de séléctionner un média"
"email alert";"Destinataire des mails d'alerte"
"custom value";"Valeur spécifique"
"suspended";"suspendu"
"date expired";"date d'expiration"
"the QR code below is for testing your mobile site only. It is available for 15 minutes.You can get the final QR code by clicking the 'Download' button. This final QR code will be functional as soon as the execution date of for this step will be reached.";"le QR code ci-dessous vous permet de tester votre site mobile et il sera valable pendent 15 minutes. Vous pouvez le télécharger en cliquant sur le bouton 'Télécharger'. Le QR code final sera fonctionnel dès que la date d'exécution de l'étape sera atteinte."
"unknow error";"erreur inconnue"
"an unexpected error has occured";"une erreur inattendue s'est produite"
"incorrect extension";"extension incorrecte"
"please select a file in zip, csv or excel format";"merci de selectionner un fichier au format zip, csv ou Excel"
"incorrect filesize";"taille de fichier incorrecte"
"please select a smaller file";"Merci de selectionner un fichier de taille plus faible"
"latest network campaigns";"dernières campagnes du réseau"
"affiliate";"affilié"
"channels";"cannaux"
"all network campaigns";"toutes les campagnes du réseau"
"create a new campaign with this list";"créer une nouvelle campagne avec cette liste"
"headers haven't been successfully recognized.";"les entêtes de colonnes n'ont pas tous été reconnus"
"column name awaited";"en-tête de colonne attendu"
"column name found";"en-tête de colonne trouvé"
"display errors";"afficher les erreurs"
"affiliate main network";"réseau principal d'affiliation"
"affiliated to";"affiliés à"
"network manager";"administrateur de réseau"
"add note";"ajouter un message"
"starting";"du"
"ending";"au"
"value required";"valeur obligatoire"
"cannot display note";"impossible d'afficher le message"
"unable to create note";"impossible de créer le message"
"note was successfully created";"le message a été créé"
"unable to update note";"impossible de mettre à jour le message"
"note was successfully updated";"le message a été mis à jour avec succès"
"select networks";"sélectionnez les réseaux"
"keep [ctrl] pressed for multiselect";"maintenez la touche [ctrl] pour une sélection multiple"
"Specify a retriction in media tab";"Précisez un bridage dans l'onglet média"
"my network messages";"mes messages à destination du réseau"
"no message";"aucun message"
"cannot duplicate note";"impossible de dupliquer le message"
"note was successfully duplicated";"le message a été dupliqué avec succès"
"publication date must be inferior to expiration date";"la date de publication doit être inferieure à la date d'expiration"
"create a new note";"ajouter un nouveau message"
"cancel note";"désactiver le message"
"cannot cancel note";"impossible de désactiver le mesage"
"note was successfully deleted";"le message a été supprimé avec succès"
"note was successfully canceled";"le message a été desactivé avec succès"
"Edit note";"Editer le message"
"Duplicate note";"Dupliquer le message"
"Delete note";"Supprimer le message"
"Cancel note";"Désactiver le message"
"expired";"terminé"
"published";"en cours"
"scheduled";"programmé"
"latest network affiliates";"derniers affiliés"
"number of campaigns";"nombre de campagnes"
"channels";"canaux"
"My network";"Mon réseau"
"my affiliates groups";"mes groupes d'affiliés"
"Edit affiliates group";"Éditer le groupe d'affiliés"
"edit affiliates group";"éditer le groupe d'affiliés"
"delete affiliates group";"supprimer le groupe d'affiliés"
"affiliates group";"groupe d'affiliés"
"group name";"nom du groupe"
"affiliates group deleted";"groupe d'affiliés supprimé"
"could not delete the affiliates group";"impossible de supprimer la liste d'affiliés"
"add affiliates group";"ajouter un groupe d'affiliés"
"group affiliates";"affiliés du groupe"
"origin";"origine"
"Channels";"Canaux"
"No contact geolocated";"Pas de contact géolocalisé"
"could not update list name";"impossible de mettre à jour le nom de la liste"
"bad id";"mauvais ID"
"could not update list";"impossible de mettre à jour la liste"
"validate";"valider"
"Step is scheduled to be sent : no statistic available";"Envoi programmé : pas de statistiques disponibles"
"Running messages means they are sent but their delivery status has not been notified yet";"Les messages envoyés contiennent les messages qui sont partis mais dont les accusés de réception ne sont pas revenus."
"latest network users";"derniers utilisateurs du réseau"
"all network users";"tous les utilisateurs du réseau"
"my messages to the network";"mes messages au réseau"
"number of uses";"nombre d'utilisations"
"model";"modèle"
"latest campaign models";"derniers modèles de campagnes"
"all campaign models";"tous les modèles de campagnes"
"Simple characters";"Les caractères ci-dessous valent 1 position"
"The following characters use two spaces, please leave sufficient space at the end of your text :";"Les caractères suivants comptent deux positions, il faut alors prévoir de la marge à la fin de votre texte :"
"The following characters will be modified during transmission :";"Les caractères suivants sont transformés lors de l'envoi :"
"e with accent";"e circonflexe"
"Number";"Numéro"
"at";"A ronde"
"attached o and e";"OE collé"
"Reverse accent";"cote inversée"
"apostrophe";"apostrophe"
"3 dots &nbsp;Three dots &nbsp;'…'&nbsp;use three characters&nbsp;'...'";"3 petits points, le caractère « Points de suspension » '…' devient 3 points, soit 3 caractères '...'"
"Characters which are not listed below, will be deleted";"Les caractères qui ne sont pas listés ici sont automatiquement supprimés."
"Copy/paste from an external tool may cause dysfunctions when sending.";"Le copier-coller depuis un outil externe peut provoquer des dysfonctionnements lors de l'envoi."
"your contract manage no network";"votre contrat ne gère aucun réseau"
"My templates";"Mes modèles"
"my campaign templates";"mes modèles de campagne"
"campaign templates";"modèles de campagne"
"list of affiliates";"liste des affiliés"
"details of the campaign template";"détails du modèle de campagne"
"name your template";"nommez votre modèle"
"add your affiliates";"Ajouter vos affiliés"
"create a new campaign from template";"créer une nouvelle campagne à partir d'un modèle"
"no campaign template";"pas de modèle de campagne"
"Edit template";"Editer le modèle"
"create a new campaign with this template";"créer une nouvelle campagne avec ce modèle"
"Cancel campaign";"Annuler la campagne"
"Duplicate template";"Dupliquer le modèle"
"Delete step";"Supprimer l'étape"
"available campaign templates";"modèles de campagne disponibles"
"template was successfully duplicated";"Modèle dupliqué avec succès"
"campaign was successfully created";"Campagne créée avec succès"
"cannot create campaign template";"échec à la création du modèle de campagne"
"cannot display campaign template without a valid identifier";"l'identifiant de modèle de campagne n'est pas valide"
"campaign template not found"; "le modèle de campagne n'a pas été trouvé"
"cannot create step";"impossible de créer une étape"
"cannot delete step without valid identifier";"impossible de supprimer une étape avec un identifiant invalide"
"step not found";"étape non trouvée"
"cannot delete step belonging to invalid template";"impossible d'effacer une étape depuis un modèle invalide"
"cannot delete step if not in edit mode";"impossible d'effacer une étape en dehors du mode édition"
"the step is deleted";"étape effacée"
"cannot create campaign";"échec à la création de la campagne"
"cannot create template";"échec à la création du modèle"
"new campaign template";"nouveau modèle de campagne"
"messages from the network";"messages du réseau"
"create a new campaign template";"créer un nouveau modèle de campagne"
"template";"modèle"
"campaign-stats";"statistiques-campagne"
"complete export";"export des stats complètes"
"export pdf";"export resumé"
"back to the list of affiliates";"retour à la liste des affiliés"
"View affiliate campaigns";"Voir les campagnes de l'affilié"
"new campaign template";"nouveau modèle de campagne"
"publication start date";"début de publication"
"publication end date";"fin de publication"
"validity duration";"période de validité"
"template.editing";"en création"
"template.confirmed";"en cours"
"template.ended";"terminé"
"cannot confirm template";"impossible de confirmer le modèle"
"unlimited";"illimitée"
"my group";"mon groupe"
"available affiliates";"affiliés disponibles"
"complete export";"export statistiques détaillées"
"export pdf";"export statistiques résumées"
"help on page";"aide sur la page"
"What is sending type ?";"Qu'est-ce que le type d'envoi ?"
"Substitution mode";"La substitution"
"Option you can use to define an order preference for your messages. It allow the product to use contacts data to send only one message to each contact. If channel one is SMS, channel two is Email, contacts that contains Email and SMS data will recieve only a SMS.";"Option qui consiste à définir un ordre d’utilisation des canaux en fonction des coordonnées des contacts contenues dans la base de données de l’utilisateur. Si le champs du canal n°1 n’est pas renseigné, le message sera envoyé par le canal n°2, etc… La substitution correspond au « OU » car un même contact sera adressé par un canal OU un autre, mais jamais par 2 canaux à la fois. Pour définir l'ordre d'exécution, il vous suffit de réordonner par glisser/déplacer les onglets des canaux sur la gauche de l'écran, en mettant le plus prioritaire en haut."
"Multichannel mode";"Le multicanal"
"Option you can use to send your message with chosen channels, to all the contacts of your selected list.";"Option qui consiste à diffuser un même message sur les différents canaux cochés par l’utilisateur. On parle de multicanal à partir de 2 canaux utilisés, quels qu’ils soient. Le multicanal correspond au « ET » car un même contact sera adressé au même moment par un canal ET un autre, à partir du moment où les données sont correctement complétées dans la base de données de l’utilisateur."
"create list from these contacts";"créer une liste à partir de ces contacts"
"list '%s' created";"Liste '%s' créée"
"no contacts found for this media";"pas de contacts trouvés pour ce média, la liste n'a pas été créée"
"stats empty for this media";"pas de statistiques pour ce média, la liste n'a pas été créée"
"error while reading stats";"erreur lors de la récupération des statistiques, la liste n'a pas été créée"
"error creating contacts list, parameter missing";"erreur lors de la création de la liste de contacts, un paramètre manque, la liste n'a pas été créée"
"Create a contact list with existing contacts from a campaign";"Créer une liste de contacts à partir de contacts d'une campagne"
"error while creating list";"erreur lors de la création"
"no contacts found";"pas de contacts trouvés"
"list name should not be empty";"le nom de la liste ne doit pas être vide"
"first name";"prénom"
"last name";"nom"
"maximum size";"dimensions maximales"
"maximum height";"hauteur maximales"
"maximum width";"largeur maximales"
"W x H";"L x H"
"Cancel template";"Désactiver le modèle"
"cannot cancel template";"impossible de désactiver le modèle"
"template was successfully canceled";"le template a été désactivé avec succès"
"cannot cancel not confirmed template";"impossible de supprimer un template non validé"
"templates.editing";"en création"
"templates.confirmed";"en cours"
"templates.ended";"terminés"
"disable unavailable channels";"masquer les canaux non disponibles"
"display options for media channels";"options d'affichage des canaux médias pour les utilisateurs du contrat"
"my affiliates";"mes affiliés"
"lists";"listes"
"done";"terminé"
"no images found";"aucune image trouvée"
"all affiliates";"tous les affiliés"
"Cannot share template to this affiliate group.";"Impossible de partager le template à ce groupe d'affiliés"
"make available";"mettre à disposition"
"share with";"partager à"
"select a list";"sélectionnez une liste"
"list affiliates";"lister les affiliés"
"legend";"légende"
"role";"rôle"
"simple contract";"contrat simple"
"offer";"offre"
"Free search (contract name, city, ...)";"Recherche libre (nom du contrat, ville, ...)"
"If this newsletter is not displayed properly, please click";"Si vous ne parvenez pas a visualiser cette email, cliquez"
"here";"ici"
"Are you sure to want to cancel the campaign template?";"Etes-vous sûr de vouloir désactiver ce modèle de campagne ?"
"My messages";"Mes messages"
"last affiliates";"derniers affiliés"
"network contacts distribution per channel";"répartition des contacts du réseau par canal"
"select a channel and configure the campaign template";"choisir un canal et configurer le modèle de campagne"
"The campaign template will be available when the publication start date is reached. After this confirmation, the sharing adressee can no longer be modified.";"La mise à disposition du modèle de campagne sera effective lorsque la date de début de validité sera atteinte. Une fois le modèle mis à disposition, le destinataire du partage ne sera plus modifiable."
"The message will be available when the publication start date is reached.";"La mise à disposition du message sera effective lorsque la date de début de validité sera atteinte."
"network campaigns";"campagnes du réseau"
"draft";"en création"
"all my network";"tout mon réseau"
"finished";"terminées"
"advices";"conseils"
"Thank you for selecting at least one contact";"Merci de sélectionner au moins un contact"
"Thank you for selecting at least one list";"Merci de sélectionner au moins une liste"
